{"cameraMode":{"drawMode":0,"name":"Shaded","section":"Shading Mode"},"sceneLighting":true,"audioPlay":false,"sceneViewState":{"showFog":true,"showMaterialUpdate":false,"showSkybox":true,"showFlares":true,"showImageEffects":true,"showParticleSystems":true},"in2DMode":false,"pivot":{"x":-5.535107612609863,"y":-1.3128471374511719,"z":17.419677734375},"rotation":{"x":0.2834567427635193,"y":0.0028771052602678539,"z":-0.0008502455311827362,"w":0.9589816331863403},"size":9.278999328613282,"orthographic":false}