{"cameraMode":{"drawMode":0,"name":"Shaded","section":"Shading Mode"},"sceneLighting":false,"audioPlay":false,"sceneViewState":{"showFog":true,"showMaterialUpdate":false,"showSkybox":false,"showFlares":true,"showImageEffects":true,"showParticleSystems":true},"in2DMode":false,"pivot":{"x":1.1819732189178467,"y":0.8140544295310974,"z":-0.561522364616394},"rotation":{"x":-0.2644726037979126,"y":-0.11739810556173325,"z":0.03245208039879799,"w":-0.9566915035247803},"size":1.1089192628860474,"orthographic":false}