{"cameraMode":{"drawMode":0,"name":"Shaded","section":"Shading Mode"},"sceneLighting":true,"audioPlay":false,"sceneViewState":{"showFog":true,"showMaterialUpdate":false,"showSkybox":true,"showFlares":true,"showImageEffects":true,"showParticleSystems":true},"in2DMode":false,"pivot":{"x":800.62890625,"y":-281.626220703125,"z":-46.102840423583987},"rotation":{"x":-0.1606167107820511,"y":-0.06863891333341599,"z":0.011203419417142868,"w":-0.9845780730247498},"size":314.49114990234377,"orthographic":false}