{"cameraMode":{"drawMode":0,"name":"Shaded","section":"Shading Mode"},"sceneLighting":true,"audioPlay":false,"sceneViewState":{"showFog":true,"showMaterialUpdate":false,"showSkybox":true,"showFlares":true,"showImageEffects":true,"showParticleSystems":true},"in2DMode":false,"pivot":{"x":966.9208374023438,"y":541.9132690429688,"z":39.36442184448242},"rotation":{"x":-0.17629900574684144,"y":-0.16219303011894227,"z":0.02947147935628891,"w":-0.9704497456550598},"size":969.9852905273438,"orthographic":false}