{"cameraMode":{"drawMode":0,"name":"Shaded","section":"Shading Mode"},"sceneLighting":true,"audioPlay":false,"sceneViewState":{"showFog":true,"showMaterialUpdate":false,"showSkybox":true,"showFlares":true,"showImageEffects":true,"showParticleSystems":true},"in2DMode":false,"pivot":{"x":-1488.466064453125,"y":-3381.868896484375,"z":-2171.806640625},"rotation":{"x":-0.26089802384376528,"y":0.7157920598983765,"z":-0.33756741881370547,"w":-0.5530787706375122},"size":1812.154541015625,"orthographic":false}