{"cameraMode":{"drawMode":0,"name":"Shaded","section":"Shading Mode"},"sceneLighting":true,"audioPlay":false,"sceneViewState":{"showFog":true,"showMaterialUpdate":false,"showSkybox":true,"showFlares":true,"showImageEffects":true,"showParticleSystems":true,"showVisualEffectGraphs":true,"m_FxEnabled":true},"in2DMode":false,"pivot":{"x":2.2761576175689699,"y":1.2756249904632569,"z":-0.24988651275634767},"rotation":{"x":0.05884513631463051,"y":0.13316364586353303,"z":-0.007916795089840889,"w":0.9893290400505066},"size":8.380264282226563,"orthographic":false}