{"cameraMode":{"drawMode":0,"name":"Shaded","section":"Shading Mode"},"sceneLighting":true,"audioPlay":false,"sceneViewState":{"showFog":true,"showMaterialUpdate":false,"showSkybox":true,"showFlares":true,"showImageEffects":true,"showParticleSystems":true,"showVisualEffectGraphs":true,"m_FxEnabled":true},"in2DMode":false,"pivot":{"x":-0.044013142585754397,"y":2.4615845680236818,"z":-1.0344221591949463},"rotation":{"x":0.20214200019836427,"y":-0.12360429018735886,"z":0.025725077837705613,"w":0.9711866974830627},"size":17.736082077026368,"orthographic":false}