{"cameraMode":{"drawMode":0,"name":"Shaded","section":"Shading Mode"},"sceneLighting":true,"audioPlay":false,"sceneViewState":{"showFog":true,"showMaterialUpdate":false,"showSkybox":true,"showFlares":true,"showImageEffects":true,"showParticleSystems":true,"showVisualEffectGraphs":true,"m_FxEnabled":true},"in2DMode":false,"pivot":{"x":-1.2247682809829713,"y":1.9138884544372559,"z":0.34798842668533327},"rotation":{"x":0.005409376695752144,"y":0.004795579705387354,"z":-0.000021061581719550304,"w":0.9999887347221375},"size":12.050849914550782,"orthographic":false}