{"cameraMode":{"drawMode":0,"name":"Shaded","section":"Shading Mode"},"sceneLighting":true,"audioPlay":false,"sceneViewState":{"showFog":true,"showMaterialUpdate":false,"showSkybox":true,"showFlares":true,"showImageEffects":true,"showParticleSystems":true,"showVisualEffectGraphs":true,"m_FxEnabled":true},"in2DMode":false,"pivot":{"x":-0.008503437042236328,"y":2.2302465438842775,"z":-0.2474822998046875},"rotation":{"x":-0.038516927510499957,"y":0.9213150143623352,"z":-0.09459003061056137,"w":-0.3751615285873413},"size":2.8411402702331545,"orthographic":false}